{
	"description": "项目配置文件",
	"packOptions": {
		"ignore": []
	},
	"setting": {
		"urlCheck": true,
		"es6": true,
		"enhance": false,
		"postcss": true,
		"preloadBackgroundData": false,
		"minified": true,
		"newFeature": false,
		"coverView": true,
		"nodeModules": false,
		"autoAudits": false,
		"showShadowRootInWxmlPanel": true,
		"scopeDataCheck": false,
		"uglifyFileName": false,
		"checkInvalidKey": true,
		"checkSiteMap": true,
		"uploadWithSourceMap": true,
		"compileHotReLoad": false,
		"babelSetting": {
			"ignore": [],
			"disablePlugins": [],
			"outputPath": ""
		},
		"useIsolateContext": true,
		"useCompilerModule": false,
		"userConfirmedUseCompilerModuleSwitch": false
	},
	"compileType": "miniprogram",
	"libVersion": "2.12.1",
	"appid": "wx24d0a101fb5faa3d",
	"projectname": "inventory3",
	"debugOptions": {
		"hidedInDevtools": []
	},
	"scripts": {},
	"isGameTourist": false,
	"simulatorType": "wechat",
	"simulatorPluginLibVersion": {},
	"condition": {
		"search": {
			"current": -1,
			"list": []
		},
		"conversation": {
			"current": -1,
			"list": []
		},
		"plugin": {
			"current": -1,
			"list": []
		},
		"game": {
			"current": -1,
			"list": []
		},
		"gamePlugin": {
			"current": -1,
			"list": []
		},
		"miniprogram": {
			"current": -1,
			"list": [
				{
					"id": -1,
					"name": "pages/my/my",
					"pathName": "pages/my/my",
					"query": "",
					"scene": null
				},
				{
					"id": -1,
					"name": "pages/createshop/createshop",
					"pathName": "pages/createshop/createshop",
					"query": "",
					"scene": null
				},
				{
					"id": -1,
					"name": "pages/addinshop/addinshop",
					"pathName": "pages/addinshop/addinshop",
					"query": "",
					"scene": null
				},
				{
					"id": -1,
					"name": "pages/goodscategory/goodscategory",
					"pathName": "pages/goodscategory/goodscategory",
					"query": "",
					"scene": null
				},
				{
					"id": 4,
					"name": "pages/choose/choose",
					"pathName": "pages/choose/choose",
					"query": "chooseCategory=goodsCategory",
					"scene": null
				},
				{
					"id": -1,
					"name": "pages/checkin/checkin",
					"pathName": "pages/checkin/checkin",
					"query": "chooseCategory=goodsCategory",
					"scene": null
				},
				{
					"id": -1,
					"name": "pages/checkout/checkout",
					"pathName": "pages/checkout/checkout",
					"query": "",
					"scene": null
				},
				{
					"id": -1,
					"name": "pages/inventorycheck/inventorycheck",
					"pathName": "pages/inventorycheck/inventorycheck",
					"query": "",
					"scene": null
				},
				{
					"id": -1,
					"name": "pages/index/index",
					"pathName": "pages/index/index",
					"query": "",
					"scene": null
				},
				{
					"id": -1,
					"name": "pages/goodsinfochange/goodsinfochange",
					"pathName": "pages/goodsinfochange/goodsinfochange",
					"scene": null
				}
			]
		}
	}
}